Zigarre;Marke;Jahr;Stärke;Geschmacksprofil;Gentleman_Drink;Lady_Drink;Secret_Tip
Cohiba Ambar;Cohiba;2021;Medium-Full;Mittelkräftig, erdige Noten, Holz, Kaffee, leichte Süße;Glenfiddich 14 Bourbon Barrel | Diplomatico Reserva Exclusiva Rum | Hennessy XO;Klassischer Daiquiri | Rum Punch mit frischer Limette | Vanille Latte Macchiato;Portwein mit Kaffee-Noten | Rauchiges Craft Porter | Ingwer-Honig Mocktail
Padrón 60th Anniversary Perfecto;Padrón;2025;Medium-Full;Reich an Malzmilch, cremigem Kaffee, Schokolade, Orangenschale;Elijah Craig Barrel Proof Bourbon | Flor de Caña 18 Rum | Rémy Martin VSOP;Old Fashioned mit Ahornsirup | Honig-Gewürz Rum Punch | Espresso mit Orangenschale;Sauternes mit Orangenschale | Schokoladen-Stout | Orangenschalen-Chai Tee
Tatuaje Black Petite Lancero;Tatuaje;2025;Medium;Süße wie S’mores, Eiche, tanninartige Struktur;Lagavulin 16 Islay Single Malt | Santa Teresa 1796 Rum | Hennessy XO;Smoky Maple Old Fashioned | Mezcal Margarita | Gerösteter Marshmallow Latte;S’mores-Portwein | Rauchiges Craft Bier | Gerösteter Marshmallow Mocktail
Cuesta-Rey Centro Fino Sungrown Pyramid No. 9;Cuesta-Rey;2025;Medium-Full;Nussig mit Honig, Nougat, Schokolade, buttriger Cashew-Note;Glenmorangie Quinta Ruban Port Cask | El Dorado 15 Rum | Buffalo Trace Bourbon;Honey Daiquiri mit Limette | Nougat Espresso Martini | Buttriger Cashew Latte;Nougat-Sherry | Cashew-Craft Lager | Heißer Nougat-Tee
Trinidad Espíritu Series No. 3 Belicoso;Trinidad;2025;Medium-Full;Geröstete Vanille, Nougat, brauner Zucker, Toffee;Four Roses Single Barrel Bourbon | Diplomatico Reserva Exclusiva Rum | Macallan 18 Sherry Oak;Vanille Espresso Martini | Toffee Old Fashioned | Vanille Latte Macchiato;Toffee-Sauternes | Vanille-Craft Porter | Brauner Zucker Mocktail
Rocky Patel Emerald Robusto;Rocky Patel;2025;Medium-Full;Gemahlener Kaffee, Leder, Hickory, schwarzer Pfeffer;Knob Creek Smoked Maple Bourbon | Elijah Craig Barrel Proof | Wild Turkey 101;Black Pepper Margarita | Hickory-Smoked Manhattan | Leder-Noten Old Fashioned;Hickory-Smoked Manhattan | Pfefferiger Rye Old Fashioned | Gerösteter Tabak Sour
Nasser The Goat By A.J. Fernandez Toro;Nasser The Goat;2025;Medium-Full;Schokoladenüberzogene Mandeln, Vanille, Erde, Kaffee, Kokos-Rum-Kuchen;Don Julio 1942 Añejo Tequila | Santa Teresa 1796 Rum | Hennessy XO;Kokos-Rum Flip mit Schokolade | Añejo Rum Old Fashioned | Schokoladen-Mandeln Sour;Schokoladenüberzogene Mandeln Cocktail | Kokos-Rum Sour | Vanille-Kokos Flip | Schokoladen-Porto | Kokos-Craft Stout | Mandeln-Chai Mocktail
Diplomaticos Genios Exclusivo Phoenicia;Diplomaticos;2025;Medium-Full;Karamell, Pfirsich, Herbstäpfel, Tee-Tannine, Zigarrenkisten-Noten;Hennessy XO Cognac | Rémy Martin VSOP | Diplomatico Mantuano;Pfirsich Bellini | Karamell-Apfel Hot Toddy | Tee-Tannin Sour;Karamell-Apfel Hot Toddy | Tee-Tannin Negroni | Pfirsich-Cognac Sour | Pfirsich-Sekt | Apfel-Craft Cider | Tee-Tannin Mocktail
Fuente Fuente OpusX Angel's Share Reserva d'Chateau;Fuente Fuente OpusX;2025;Medium;Süßholz, Holz, Backgewürze, Leder, Honig, rote Pfefferflocken;Macallan 18 Sherry Oak | Elijah Craig 18 Year | Lagavulin 16;Süßholz Negroni | Honig-Gewürz Rum Punch | Backgewürz Old Fashioned;Süßholz Negroni | Backgewürz Old Fashioned | Honig-Rum Sour | Süßholz-Sherry | Honig-Craft Bier | Roter Pfeffer Mocktail
E.P. Carrillo Encore Unica I Toro Gordo;E.P. Carrillo;2025;Medium-Full;Erde, Zedernholz, Pfeffer, feine Creme, Röstaromen;Woodford Reserve Double Oaked | Zacapa 23 Solera Rum | Hennessy XO Cognac;Espresso Martini mit Vanille | Maple Bourbon Sour | Cremiger Haselnuss Latte Macchiato;Rauchiges Baltic Porter | Vintage Tawny Port | Gewürzter Zimt-Espresso Mocktail
Asylum 13 Goliath 80x6;Asylum 13;2025;Full;Dunkle Schokolade, Espresso, Erdigkeit, kräftiger schwarzer Pfeffer;Laphroaig 10 Islay Malt | Diplomatico Reserva Exclusiva Rum | Cardenal Mendoza Brandy;Blackberry Dark 'n' Stormy | Chocolate Old Fashioned | Eiskaffee mit Schokosirup;Imperial Chocolate Stout | Priorat Rotwein | Mexican Hot Chocolate Mocktail
Jeremy Siers Hold Fast Maduro Toro;Jeremy Siers;2025;Medium-Full;Kakaobohne, Melasse, Zeder, Leder, leicht nussige Süße;Bulleit Rye Whiskey | El Dorado 12 Rum | Rémy Martin VSOP Cognac;Spiced Rum Punch | Salted Caramel Espresso Martini | Vanille-Chai Latte;Dunkles Bockbier | Amarone della Valpolicella | Karibischer Kokos-Kaffee
Rocky Patel Sun Grown Robusto;Rocky Patel;2025;Medium-Full;Würziges Holz, weißer Pfeffer, Muskat, süße Erde;Wild Turkey 101 Bourbon | Appleton Estate 12 Rum | Martell VSOP Cognac;Spicy Mango Margarita | Ginger Bourbon Fizz | Ingwer-Zitronengras Cold Brew;Belgisches Dubbel Bier | Syrah Rotwein | Spicy Ginger Cold Brew Mocktail
Vega Fina Inmenso Exclusivo Suiza;VegaFina;2025;Medium;Cremiges Holz, Mandeln, milde Vanille, helle Röstnoten;Glenmorangie Original 10 | Santa Teresa 1796 Rum | Asbach Privatbrand Brandy;Amaretto Sour mit Zitrone | Creamy Coconut Daiquiri | Mandel-Caramel Latte;Cremiges Wheat Pale Ale | Chardonnay Barrique | Vanille-Mandel Matchaccino
Flor de Copan 1795 Edición Limitada 2025;Flor de Copan;2025;Medium;Zedernholz, cremiger Kakao, sanfte Nussnoten, Kräuterhauch;Balvenie 12 DoubleWood | Ron Botucal Reserva Rum | Metaxa 12 Sterne Brandy;Hazelnut Alexander | White Russian mit Sahne | Schoko-Zimt Cold Brew;Münchner Dunkelbier | Rioja Reserva Rotwein | Iced Caramel Macchiato
Dos Amigos 87;Dos Amigos;2025;Mild-Medium;Sanfte Heunoten, frisches Holz, helle Mandeln, dezente Creme;Jameson Irish Whiskey | Brugal 1888 Rum | Carlos I Imperial Brandy;French 75 mit Zitrone | Peach Prosecco Bellini | Erfrischender Pfirsich Eistee;Helles Craft Lager | Pinot Grigio Weisswein | Zitronengras-Minz Mocktail
PDR 1975 Gran Reserva Puritos;PDR Cigars;2025;Medium;Geröstete Kaffeebohnen, Holz, Zartbitterschokolade, milde Schärfe;Maker's Mark Bourbon | Havana Club 7 Rum | Torres 10 Brandy;Coffee Cocktail mit Baileys | Blackberry Gin Fizz | Eiskaffee mit Vanille-Milschschaum;Schwarzbier | Ruby Portwein | Double Espresso mit braunem Zucker
Silencio Riviera;Silencio;2025;Medium-Full;Schokolade, Pflaume, Leder, feine Eichenwürze, Röstkaffee;Knob Creek Bourbon | Don Q Gran Reserva Rum | Hennessy VSOP Cognac;Plum Old Fashioned | Dark Chocolate Martini | Pflaumen-Zimt Mocktail;Irish Stout | Malbec Rotwein | Cold Brew Tonic
Rocky Patel Emerald Sixty;Rocky Patel;2025;Medium-Full;Erde, Leder, dunkler Pfeffer, geröstete Eiche, Kakao;Elijah Craig Small Batch | Plantation XO Rum | Camus VSOP Cognac;Smokey Mezcalita | Bourbon Cherry Sour | Kirsch-Gewürz Mocktail;Craft IPA | Tempranillo Rotwein | Espresso Spritz
La Flor Dominicana Double Claro No. 50;La Flor Dominicana;2025;Medium;Grasige Frische, süßes Heu, helle Nüsse, milde Pfeffernote;Glenfiddich 12 Single Malt | Flor de Caña 12 Rum | Pierre Ferrand Cognac;Cucumber Gin Tonic | Hugo mit frischer Minze | Gurken-Limetten Mocktail;Pilsner Urquell | Sauvignon Blanc | Grüner Eistee mit Zitrone
De Olifant Classic Corona Jumbo;De Olifant;2025;Mild-Medium;Würziges Sumatrablatt, Nuancen von Muskat, Holz und Röstkaffee;Redbreast 12 Irish Whiskey | Mount Gay XO Rum | Chantre Weinbrand;Spiced Apple Fizz | Creamy Amaretto Cold Brew | Apfel-Zimt Mocktail;Altbier | Gewürztraminer Weisswein | Würziger Chai Latte
La Aurora Dominicana;La Aurora;2025;Medium;Ausgewogene Holznoten, süßer Tabak, Kakao, leichte Zitrusfrische;Aberlour 12 Double Cask | Barceló Imperial Rum | Lepanto Solera Gran Reserva Brandy;Citrus Bourbon Smash | Golden Rum Punch | Orangen-Ingwer Mocktail;Wiener Lager | Carménère Rotwein | Zesty Espresso Tonic
La Capitana Robusto;La Capitana;2025;Medium;Erdige Töne, Röstaromen, Zeder, sanfte Pfefferwürze;Four Roses Small Batch | Legendario Elixir de Cuba | Courvoisier VSOP Cognac;Classic Mojito mit Rohrzucker | Vanilla Dark 'n' Stormy | Kokos-Limetten Cooler;Amber Ale | Chianti Classico | Bananen-Kaffee Smoothy Mocktail
Kraken Cigars Fanaticos & Lunaticos;Kraken Cigars;2025;Full;Intensive dunkle Schokolade, Espresso, Pfeffer, schweres Leder;Ardbeg 10 Islay Malt | Kraken Black Spiced Rum | Osborne Veterano Brandy;Espresso Martini mit Chili | Spiced Dark Chocolate Rum Punch | Mexican Chocolate Mocktail;Imperial Stout | Cabernet Sauvignon | Extra Starker Ristretto
Plasencia Alma del Cielo;Plasencia;2025;Medium-Full;Süßer Honig, geröstete Nüsse, feines Leder, weiße Schokolade;Macallan 12 Double Cask | Kirk and Sweeney 18 Rum | Hine Rare VSOP Cognac;Honey & Bourbon Sour | White Chocolate Espresso Martini | Honig-Mandel Latte;Bockbier | Dessertwein Sauternes | Honig-Kamillen Iced Tea
La Flor Dominicana Reserva Especial El Jocko;La Flor Dominicana;2025;Medium-Full;Reiche Erdtöne, Pfeffer, Kakao, Zedernholz, dunkle Beeren;Lagavulin 16 Single Malt | Havana Club Selección de Maestros | Gran Duque de Alba Brandy;Blackberry Bourbon Smash | Dark Rum Negroni | Beeren-Minz Mocktail;Guinness Extra Stout | Syrah Rotwein | Beeren Cold Brew
Dunbarton Sobremesa Robusto Largo;Dunbarton Tobacco & Trust;2025;Medium-Full;Zartbitterschokolade, Zeder, geröstete Nüsse, cremig-scharfe Würze;Michter's US*1 Bourbon | Diplomatico Mantuano Rum | Rémy Martin XO Cognac;Salted Caramel Martini | Chocolate Manhattan | Karamel Latte Macchiato;Craft Oatmeal Stout | Portwein Late Bottled Vintage | Tonkabohnen-Espresso
CLE Connecticut 11/18 Toro;CLE Cigars;2025;Mild-Medium;Cremige Sahne, Mandeln, helles Holz, zarte Süße;Glenmorangie Lasanta | Brugal XV Rum | Metaxa 7 Sterne Brandy;Amaretto Fizz | Creamy Peach Daiquiri | Mandel-Vanille Iced Coffee;Helles Weißbier | Riesling Spätlese | Golden Milk Turmeric Mocktail
CigarKings Gigantes FT Sun Grown;CigarKings;2025;Medium;Frische Holznoten, Nüsse, sanfte Pfefferwürze, cremig-süßer Abgang;Highland Park 12 | Ron Abuelo 12 Rum | Frapin VSOP Cognac;Nutty Manhattan | Maple Whiskey Sour | Haselnuss Cold Brew;Märzen Bier | Barbera d'Asti Rotwein | Gerösteter Gersten-Tee
Brun del Ré Bicentenario Limited Edition Gordo;Brun del Ré;2025;Medium;Exotische Gewürze, Edelholz, reife Früchte, Kakao;Oban 14 Single Malt | Centenario 20 Rum | Cardenal Mendoza Carta Real Brandy;Spiced Passionfruit Martini | Rum Sunset Cocktail | Exotischer Frucht-Mocktail;Belgisches Saison Bier | Rioja Gran Reserva | Würziger Chai Latte
La Galera Maduro Vitola No. 1 Short Robusto;La Galera;2025;Medium-Full;Dunkles Kakaopulver, Erde, Espresso, süße Rosinen;Bulleit Bourbon 10 Year | Santa Teresa 1796 Rum | Hennessy VSOP Cognac;Black Forest Martini | Espresso White Russian | Schoko-Kirsch Cold Brew;Porter Bier | Sherry Pedro Ximénez | Mexican Spiced Coffee
Rocky Patel DBS Robusto;Rocky Patel;2025;Medium-Full;Reiche Erde, Schokolade, dunkle Beeren, ausgeprägte Gewürznoten;Woodford Reserve Rye | Angostura 1919 Rum | Pierre Ferrand 1840 Cognac;Berry Bourbon Smash | Spicy Chocolate Margarita | Beeren-Ingwer Mocktail;Craft Dark Ale | Zinfandel Rotwein | Blackberry Cold Brew Tonic
Drew Estate Liga Privada No. 9 Robusto;Drew Estate;2025;Full;Dunkle Schokolade, kühnes Leder, Espresso, schwere Erdtöne;Lagavulin 16 | Plantation Trinidad Rum | Martell Cordon Bleu Cognac;Dark Chocolate Old Fashioned | Espresso Martini Extra Bold | Schoko-Espresso Shake;Imperial Stout | Amarone della Valpolicella | Ristretto mit Zartbitterschokolade
Dunbarton Mi Querida Triqui Traca No. 652;Dunbarton Tobacco & Trust;2025;Full;Kräftiger schwarzer Pfeffer, Kakao, Erde, gebrannte Eiche;Wild Turkey Rare Breed Bourbon | Joya de Nicaragua Black Rum | Asbach 15 Jahre Brandy;Black Pepper Mule | Spicy Dark 'n' Stormy | Ingwer-Pfeffer Lemonade;Double IPA | Châteauneuf-du-Pape | Spicy Ginger Espresso
Perdomo Lot 23 Maduro Robusto;Perdomo;2025;Medium-Full;Süße Kakaonote, Espresso, Röstaromen, sanfte Holzfülle;Elijah Craig Small Batch | Perdomo Reserve Rum | Torres 15 Brandy;Mocca Martini | Vanilla Rum Sour | Schoko-Caramel Shake;Münchner Dunkel | Tawny Portwein | Iced Vanilla Macchiato
Macanudo Vintage 2010 Torpedo;Macanudo;2025;Mild-Medium;Cremige Zeder, milde Nüsse, feiner Vanillehauch, sanfter Kräuterton;Glenkinchie 12 Lowland Malt | Bacardi Ocho 8 Rum | Metaxa 5 Sterne Brandy;Vanilla Bourbon Fizz | Creamy Pina Colada | Vanille-Mandel Smoothie;Helles Export Bier | Grauburgunder Weisswein | Camellia Sinensis White Tea
La Flor Dominicana Limited Edition Solis;La Flor Dominicana;2025;Full;Feuriges Holz, dunkler Pfeffer, Leder, fruchtige Schärfe;Booker's Bourbon | Mount Gay Black Barrel Rum | Hennessy XO Cognac;Spicy Chili Margarita | Passionfruit Rum Sour | Chili-Passionsfrucht Mocktail;Craft Red Ale | Shiraz Rotwein | Spicy Ginger Cold Brew
Esteban Carreras White Label Sixties;Esteban Carreras;2025;Medium;Cremiges Sandelholz, weiße Schokolade, milde Nüsse, Vanille;Aberfeldy 12 Single Malt | Flor de Caña 18 Rum | Courvoisier VSOP Cognac;White Chocolate Martini | Almond Milk Punch | Cremiger Vanille Iced Latte;Hefeweizen | Silvaner Weisswein | Kokos-Mandel Shake Mocktail
Leonel Limited Edition 2023 Toro;Leonel;2025;Medium-Full;Komplexe Kakaonoten, Leder, Zeder, feine Röstaromen;Dalmore 12 Single Malt | Ron Zacapa Edición Negra | Cardenal Mendoza Brandy;Old Fashioned mit Orangenschale | Dark Rum Alexander | Schoko-Orangen Cold Brew;Bockbier Dunkel | Malbec Rotwein | Orangen-Espresso Tonic
1502 Aniversario Toro;1502 Cigars;2025;Medium-Full;Erde, dunkler Kakao, Gewürznelke, Zedernholz;Bulleit Bourbon | Matusalem Gran Reserva 15 Rum | Rémy Martin VSOP Cognac;Cinnamon Apple Sour | Spiced Espresso Martini | Zimt-Apfel Cold Brew;Schwarzbier | Portwein Vintage | Gewürzter Zimt-Latte
Davidoff Grand Cru;Davidoff;2025;Mild-Medium;Feines Eichenholz, frische Nüsse, cremige Süße, milde Kräuternote;Macallan 15 Double Cask | Brugal 1888 Rum | Delamain XO Cognac;Champagne Cocktail | French 75 mit Lemon Twist | Mandel-Matcha Latte;Pilsner Premium | Chardonnay Champagne | Grüner Jasmin-Eistee
Don Pepin Garcia Series VC Toro Gordo;Don Pepin Garcia;2025;Full;Kräftiger schwarzer Pfeffer, fettes Leder, dunkler Kakao, Eiche;Knob Creek 9 Bourbon | Don Q Single Barrel Rum | Martell VSOP Cognac;Spicy Black Pepper Paloma | Bourbon Cherry Smash | Ingwer-Pfeffer Mocktail;Double IPA | Bordeaux Superieur | Double Espresso mit Prise Pfeffer
Matilde Serena Robusto;Matilde Cigars;2025;Mild-Medium;Cremiger Honig, zarte Zedernnote, Nüsse, milder Heuduft;Glenlivet 12 Scotch | Santa Teresa 1796 Rum | Asbach 8 Jahre Brandy;Honey Gin Fizz | Peach Bellini | Honig-Limetten Eistee;Helles Landbier | Weißburgunder | Honig-Ingwer Infusion
Meerapfel Machetero Short Robusto;Meerapfel;2025;Medium;Reiche Würze, feines Leder, Zedernholz, subtile Süße;Balvenie 14 Caribbean Cask | Ron Abuelo XV Rum | Hine Rare Cognac;Spiced Rum Manhattan | Maple Bourbon Sour | Gewürz-Apfel Mocktail;Belgisches Blonde Ale | Pinot Noir Rotwein | Dattel-Zimt Infusion Mocktail
Eladio Díaz Before & After;Eladio Díaz;2025;Medium-Full;Pfeffrige Süße, gebrannte Mandeln, dunkler Kakao, Zeder;Four Roses Single Barrel Bourbon | Diplomatico Reserva Exclusiva Rum | Hennessy VSOP Cognac;Almond Old Fashioned | Chocolate Rum Fizz | Mandel-Schoko Iced Coffee;Craft Porter | Sherry Oloroso | Salted Caramel Cold Brew
Drew Estate Liga Privada T52 Robusto;Drew Estate;2025;Full;Herzhafte Erde, kühnes Leder, pfeffrige Würze, dunkler Kaffee;Laphroaig Select | Plantation Stiggins' Fancy Pineapple Rum | Carlos I Imperial Brandy;Smoky Mezcal Old Fashioned | Spicy Black Pepper Cold Brew Cocktail | Schoko-Chili Mocktail;Smoked Rauchbier | Syrah Barrique | Ristretto mit Zartbitterschokolade
Rough Rider Chapter One;Rough Rider;2025;Mild-Medium;Gezuckerter Kopf, cremige Vanille, helle Nüsse, mildes Holz;Maker's Mark Bourbon | Legendario Elixir Rum | Metaxa 7 Sterne Brandy;Vanilla Colada | Sweet Amaretto Sour | Vanille-Caramel Shake;Hefeweizen | Spätburgunder Rosé | Sweet Vanilla Iced Tea
Quai D’Orsay Especial D’Orsay 50 Años Sobresalientes;Quai D'Orsay;2025;Mild-Medium;Helle Vanille, Brioche, zartes Holz, Mandeln, cremiger Honig;Glenmorangie 18 | Ron Zacapa 23 Rum | Cognac Frapin XO;French 75 Champagner | Vanilla Pear Fizz | Mandel-Brioche Mocktail;Champagner Brut | Meursault Chardonnay | Vanille-Chai Latte
Vegas de Santiago D8 Centurions LXIV;Vegas de Santiago;2025;Medium;Ausgewogene Erdnoten, Zeder, dunkle Kakaobohne, nussiger Nachgeschmack;Chivas Regal 18 | Barceló Imperial Onyx Rum | Torres 20 Brandy;Classic Alexander | Rum Manhattan | Nuss-Schoko Cold Brew;Kellerbier | Carménère Rotwein | Espresso Macchiato
JRE Tobacco Aladino Cameroon Super Toro;Aladino;2025;Medium;Kamerun-Süße, Zeder, weißer Pfeffer, Nüsse, leichterdig;Elijah Craig Small Batch | Flor de Caña 12 Rum | Pierre Ferrand VSOP Cognac;Sweet Pepper Smash | Bourbon Peach Tea Cocktail | Pfirsich-Ingwer Eistee;Pale Ale | Gewürztraminer | Spiced Cold Brew Tonic
Drew Estate Blackened M81 & S84;Drew Estate;2025;Full;Kräftige Espressobohne, dunkles Holz, Bitterschokolade, schwarzer Pfeffer;Blackened American Whiskey | Kraken Dark Spiced Rum | Hennessy XO Cognac;Espresso Black Russian | Dark 'n' Stormy Bold | Mexican Espresso Mocktail;Imperial Stout | Amarone della Valpolicella | Extra Starker Cold Brew
Arturo Fuente Opus X Perfecxion X Short Churchill;Arturo Fuente;2025;Full;Reiche Gewürze, feines Leder, Zedernholz, süße Erde, pfeffrige Schärfe;Macallan 18 Sherry Oak | Zacapa XO Rum | Rémy Martin XO Cognac;Spiced Old Fashioned | Chocolate Cherry Manhattan | Kirsch-Gewürz Infusion;Barleywine Bier | Vintage Portwein | Ristretto mit Zartbitter-Garnitur
Montosa Amarillo;Montosa;2025;Mild-Medium;Cremiges Holz, Vanille, helle Nüsse, milde Fruchtsüße;Highland Park 12 | Brugal 1888 Rum | Asbach Privatbrand Brandy;Yellow Passion Daiquiri | Creamy Vanilla Fizz | Passionsfrucht-Mango Mocktail;Helles Export | Sauvignon Blanc | Vanille-Kokos Iced Tea
Gurkha Prize Fighter;Gurkha;2025;Mild-Medium;Sanftes Holz, Heu, zarte Mandelnoten, milde Pfefferwürze;Jim Beam Black Bourbon | Havana Club 3 Rum | Chantre Weinbrand;Amaretto Sour | Pineapple Rum Fizz | Ananas-Kokos Smoothie Mocktail;Lager Bier | Pinot Grigio | Zitrone-Ingwer Eistee
Cohiba Medio Siglo;Cohiba;2025;Medium-Full;Erde, frisches Gras, feines Holz, Röstaromen, sanfte Süße;Partagas 15/ Cohiba Whiskey | Havana Club Selección de Maestros Rum | Hennessy XO Cognac;Cuban Mojito Classic | Espresso Martini Supreme | Limetten-Minz Mocktail;Cuban Lager Bier | Bordeaux Rotwein | Kubanischer Cafecito Espresso
Flor de las Antillas Belicoso;My Father Cigars;2025;Medium;Nutty, Muskatnuss, cremig-scharfer Pfeffer, Zedernholz;Woodford Reserve Bourbon | Flor de Caña 18 Rum | Martell VSOP Cognac;Nutty Bourbon Sour | Cinnamon Apple Cocktail | Apfel-Zimt Mocktail;Amber Ale | Rioja Crianza | Haselnuss-Espresso Tonic
Drew Estate Factory Smokes;Drew Estate;2025;Medium;Solide Erde, dunkler Kakao, Zeder, rustikale Röstnoten;Bulleit Bourbon | Captain Morgan Dark Rum | Osborne Veterano Brandy;Dark 'n' Stormy Classic | Chocolate Mule | Schoko-Kaffee Shake;Dunkles Lagerbier | Malbec Rotwein | Cold Brew Coffee
Vega Fina Línea 1998 VF 50 Pyramide Exklusive Deutschland Edition;VegaFina;2025;Medium;Zedernholz, geröstete Mandeln, milde Würze, cremige Kakaonote;Glenfiddich 15 Solera | Ron Botucal Reserva Exclusiva | Courvoisier VSOP Cognac;Almond Espresso Martini | Creamy Vanilla Old Fashioned | Mandel-Schoko Iced Coffee;Münchner Hell | Spätburgunder | Zesty Cold Brew
Montecristo Linea 1935 Dumas;Montecristo;2025;Full;Schwere Erde, dunkler Kakao, Leder, Röstkaffee, Gewürze;Lagavulin 16 Single Malt | Havana Club 15 Rum | Rémy Martin XO Cognac;Dark Chocolate Espresso Martini | Black Cherry Manhattan | Schoko-Kirsch Mocktail;Imperial Porter | Ribera del Duero Rotwein | Doppelter Cuban Ristretto
Bentley White Churchill;Bentley;2025;Mild-Medium;Cremige Zeder, helle Nüsse, feines Gras, zarter Honig;Dalwhinnie 15 Scotch | Plantation XO 20th Anniversary Rum | Hine Rare VSOP Cognac;White Linen Cocktail | Champagne Velvet | Honey Lemon Mocktail;Pilsner | Sauvignon Blanc | Grüner Tee mit Zitrone
Simon Beltré Andullo Robusto;Simon Beltré;2025;Medium-Full;Fermentierter Andullo-Tabak, süße Pflaume, Erde, pfeffrige Würze;Wild Turkey 101 Bourbon | Barceló Imperial Rum | Cardenal Mendoza Brandy;Plum Bourbon Sour | Dark Rum Sangria | Pflaumen-Ingwer Tonic;Bockbier Dunkel | Sherry Pedro Ximénez | Gewürzter Pflaumen-Tee
Furia Inanna Serie 2 Limited Edition;Furia;2025;Medium-Full;Kräftige Röstaromen, dunkle Erde, Bitterschokolade, Leder;Bulleit Rye Whiskey | Santa Teresa 1796 Rum | Hennessy VSOP Cognac;Smoky Chocolate Manhattan | Blackberry Rum Smash | Beeren-Kaffee Mocktail;Black IPA | Priorat Rotwein | Mexican Mocha Cold Brew
Arturo Fuente Chateau Fuente King T Tubo;Arturo Fuente;2025;Medium;Zedernholz, milde Creme, Muskatnuss, sanfter Süßtabak;Macallan 12 Double Cask | Flor de Caña 12 Rum | Pierre Ferrand Cognac;Vanilla Bourbon Old Fashioned | Creamy Almond Daiquiri | Vanille-Mandel Latte;Helles Festbier | Chardonnay Barrique | Zimt-Mandel Tea Mocktail
Oscar Valladares Super Fly Connecticut Toro;Oscar Valladares;2025;Mild-Medium;Cremiger Pfeffer, Holz, geröstete Cashews, süßer Rahm;Glenmorangie Original | Brugal 1888 Rum | Asbach 8 Jahre Brandy;Creamy Cashew Martini | Coconut Rum Punch | Kokos-Cold Brew;Craft Wheat Beer | Weissburgunder | Caramel Cold Brew
Zino Honduras;Zino;2025;Medium;Frische Zeder, dunkle Schokolade, Erdnussbutter, milder Pfeffer;Highland Park 12 | Don Q Reserva 7 Rum | Torres 10 Brandy;Peanut Butter Bourbon Smash | Chocolate Fizz | Schoko-Erdnuss Shake Mocktail;Pale Ale | Syrah Rotwein | Salted Caramel Iced Coffee
Drew Estate Nica Rustica Adobe;Drew Estate;2025;Medium-Full;Rustikale Erde, dunkler Pfeffer, Holz, kräftiger Kakao;Knob Creek Bourbon | Kraken Spiced Rum | Carlos I Brandy;Spiced Mule | Dark Chocolate Old Fashioned | Mexican Spiced Cold Brew;Stout Bier | Malbec Rotwein | Spiced Ginger Ale Mocktail
León Jimenes Petit Coronas;León Jimenes;2025;Mild-Medium;Sanftes Holz, feine Nüsse, zarte Creme, Heu;Jameson Caskmates Irish Whiskey | Barceló Gran Añejo Rum | Metaxa 5 Sterne Brandy;Classic Amaretto Sour | Peach Bellini | Pfirsich-Eistee;Helles Lager | Pinot Grigio | Mandel-Milchschaum Kaffee
Villiger Los Amigos Churchill;Villiger;2025;Mild-Medium;Ausgewogene Holznoten, Nüsse, leichte Erdtöne, milde Süße;Redbreast 12 Irish Whiskey | Havana Club 7 Rum | Chantre Weinbrand;Bourbon Peach Smash | Creamy Vanilla Cocktail | Pfirsich-Vanille Mocktail;Export Bier | Grauburgunder | Iced Caramel Macchiato
Leaf by Oscar Lancero Corojo;Leaf by Oscar;2025;Medium-Full;Würziges Holz, roter Pfeffer, Citrus-Zeste, dunkler Kakao;Bulleit Rye Whiskey | Plantation 3 Stars Rum | Martell VSOP Cognac;Spiced Orange Margarita | Bourbon Citrus Sour | Zitrus-Ingwer Mocktail;Craft IPA | Tempranillo Rotwein | Orange Cold Brew Tonic
Villiger Summer Edition Dominican Republic;Villiger;2025;Mild-Medium;Sommerliche Fruchtnoten, helle Zeder, Mandeln, cremige Süße;Glenfiddich 12 Single Malt | Brugal Añejo Rum | Metaxa 7 Sterne Brandy;Tropical Passion Fruit Daiquiri | Summer Bourbon Spritz | Exotischer Frucht Mocktail;Witbier / Wheat Beer | Riesling | Passionfruit Eistee
Crowned Heads Four Kicks Capa Especial Corona Gorda;Crowned Heads;2025;Medium;Süße Erde, Pfeffer, Zedernholz, geröstete Mandeln;Elijah Craig Small Batch | Diplomatico Mantuano Rum | Pierre Ferrand Cognac;Almond Bourbon Sour | Spiced Rum Punch | Mandel-Zimt Iced Tea;Amber Ale | Chianti Rotwein | Salted Caramel Latte
Plasencia Reserva Original Corona;Plasencia;2025;Mild-Medium;Rein bio-organischer Tabak: Erde, Zeder, Mandeln, zarter Honig;Balvenie 12 DoubleWood | Flor de Caña 12 Rum | Hennessy VSOP Cognac;Honey & Apple Bourbon Sour | Organic Rum Collins | Honig-Ingwer Limonade;Bio Pilsner | Bio Grüner Veltliner | Organic Matcha Latte
E.P. Carrillo Pledge Apogee Double Toro;E.P. Carrillo;2025;Full;Dunkles Holz, schwarzer Pfeffer, kühnes Leder, Espresso, Zartbitterschokolade;Woodford Reserve Master's Collection | Zacapa XO Rum | Rémy Martin XO Cognac;Blackberry Dark Manhattan | Espresso Martini Extra Dark | Schoko-Espresso Mocktail;Imperial Stout | Amarone della Valpolicella | Double Ristretto mit Zartbitter
Cavalier Genève Domaine Rouge 1956;Cavalier Genève;2025;Medium-Full;Dunkles Holz, süße Beeren, Zeder, feine Röstaromen;Michter's US*1 Rye | Santa Teresa 1796 Rum | Cardenal Mendoza Brandy;Blackberry Bourbon Old Fashioned | Red Berry Rum Sour | Waldbeer-Cold Brew;Bockbier | Bordeaux Supérieur | Beeren-Gewürz Mocktail
Trinidad Media Luna;Trinidad;2025;Medium;Nussig, holzig, milde Creme, subtile Kräuter- und Röstaromen;Macallan 12 Sherry Oak | Havana Club Selección de Maestros | Delamain XO Cognac;Nutty Alexander | Creamy Espresso Cocktail | Haselnuss-Espresso Macchiato;Craft Pilsner | Champagne Brut | Hazelnut Cold Brew
Bohekio Robusto;Bohekio;2025;Medium;Erdig, Zeder, zarte Mandeln, leichte Kakaosüße;Four Roses Small Batch | Barceló Imperial Rum | Torres 10 Brandy;Amaretto Cold Brew Cocktail | Vanilla Dark 'n' Stormy | Mandel-Schoko Smoothie;Dunkles Lager | Merlot Rotwein | Espresso Spritz Mocktail
Don Diego Preludes;Don Diego;2025;Mild;Sehr mild, helle Cremigkeit, zarte Zeder, frische Mandeln;Glenkinchie 12 | Brugal Añejo Rum | Metaxa 5 Sterne Brandy;Vanilla Pear Martini | Light Creamy Colada | Vanille-Mandel Cold Brew;Helles Pilsner | Silvaner Weisswein | Camellia Sinensis Green Tea
Plasencia Triunfal 2026 Edición Especial Gran Toro;Plasencia;2026;Medium-Full;Exklusive Zeder, Edelschokolade, geröstete Mandeln, reiche Würze;Macallan 18 Sherry Oak | Zacapa 23 Solera Rum | Hennessy XO Cognac;Luxury Espresso Martini | Chocolate Old Fashioned | Edler Schoko-Mandel Macchiato;Craft Imperial Stout | Vintage Tawny Port | Tonkabohnen-Cold Brew
El Viejo Continente Burlesque Robusto;El Viejo Continente;2025;Medium-Full;Dunkle Erde, Leder, gebrannte Nüsse, süßer Pfeffer;Bulleit Bourbon | Matusalem Gran Reserva 15 | Asbach Privatbrand;Spiced Cherry Bourbon Sour | Blackberry Rum Mule | Kirsch-Pfeffer Lemonade Mocktail;Schwarzbier | Cabernet Sauvignon | Spicy Cherry Cold Brew
Matilde Serena Perla;Matilde Cigars;2025;Mild-Medium;Zarte Creme, helle Zeder, milder Honig, helle Nüsse;Glenlivet 12 Single Malt | Santa Teresa 1796 Rum | Chantre Weinbrand;Honey Gin Fizz | Peach Bellini | Honig-Limetten Eistee;Helles Landbier | Weißburgunder | Honig-Ingwer Infusion
Dalay Oase;Dalay Cigars;2025;Medium;Orient-Gewürze, geröstete Pistazie, Zeder, blumiger Honig;Balvenie 14 Caribbean Cask | Ron Abuelo 12 Rum | Pierre Ferrand Cognac;Pistachio Espresso Martini | Honey Rose Cocktail | Orient-Pistazien Latte;Craft Pale Ale | Gewürztraminer | Dattel-Rosenwasser Mocktail
CAO Firewalker;CAO;2025;Medium-Full;Vulkanische Erde, kühnes Holz, scharfe Gewürze, dunkler Kakao;Wild Turkey 101 Bourbon | Kraken Spiced Rum | Cardenal Mendoza Brandy;Spicy Chili Manhattan | Dark 'n' Stormy Bold | Chili-Schoko Mocktail;Smoked Rauchbier | Syrah Rotwein | Spicy Ginger Cold Brew
Villa Zamorano Danlí;Villa Zamorano;2025;Medium;Ehrliche Erde, Röstkaffee, Holz, nussige Note;Maker's Mark Bourbon | Flor de Caña 7 Rum | Osborne Veterano Brandy;Coffee Bourbon Sour | Creamy Espresso Cocktail | Iced Coffee Shake;Münchner Dunkel | Tempranillo | Espresso Tonic
CAO Amazon Basin;CAO;2025;Medium-Full;Exotisches Bragança-Tabak-Aroma, dunkle Erde, Beeren, Teer, wilde Würze;Woodford Reserve Bourbon | Plantation Guyana Rum | Hennessy VSOP Cognac;Wild Berry Bourbon Smash | Exotic Rum Punch | Beeren-Zimt Cold Brew;Craft Red Ale | Malbec Rotwein | Exotischer Maracuja-Espresso Tonic
La Galera Connecticut Half Corona;La Galera;2025;Mild-Medium;Cremiges Holz, helle Mandeln, feine Hefenote, sanfte Süße;Glenmorangie 10 | Brugal Añejo Rum | Metaxa 5 Sterne Brandy;Amaretto Fizz | Almond Cream Cocktail | Mandel-Vanille Latte;Helles Pilsner | Pinot Grigio | Grüner Eistee
De Olifant Knakje;De Olifant;2025;Mild-Medium;Würziges Sumatrablatt, feine Muskatnuss, Röstaromen, Zeder;Jameson Irish Whiskey | Mount Gay Black Barrel | Asbach 8 Jahre Brandy;Spiced Apple Cocktail | Creamy Nut Martini | Apfel-Zimt Mocktail;Altbier | Riesling | Würziger Chai Tee
Drew Estate Undercrown 10 Robusto;Drew Estate;2025;Full;Mexican San Andrés Wrapper: Bitterschokolade, schwarzer Pfeffer, kühnes Leder, Espresso;Knob Creek Single Barrel Bourbon | Diplomatico Seleccion Rum | Martell Cordon Bleu Cognac;Dark Chocolate Espresso Martini | Mexican Mule | Schoko-Espresso Shake Mocktail;Imperial Stout | Amarone della Valpolicella | Extra Starker Ristretto
El Baton Robusto;JC Newman;2025;Full;Kräftiger Pfeffer, kühne Erde, Zedernholz, Bitterschokolade;Wild Turkey Rare Breed Bourbon | Joya de Nicaragua Rum | Torres 15 Brandy;Spicy Black Pepper Sour | Dark Rum Mule | Spicy Ginger Ale Mocktail;Double IPA | Cabernet Sauvignon | Espresso Macchiato
La Aroma del Caribe Pasión Corona Gorda;La Aroma del Caribe;2025;Medium-Full;Gebrannte Mandeln, Zedernholz, pfeffrige Süße, Kakao;Woodford Reserve Bourbon | Plantation XO 20th Anniversary Rum | Pierre Ferrand Cognac;Passionfruit Bourbon Sour | Almond Rum Fizz | Passionsfrucht-Mandel Mocktail;Belgisches Dubbel | Rioja Reserva | Salted Caramel Cold Brew
PDR 1975 Gran Reserva Purito;PDR Cigars;2025;Medium;Geröstete Kaffeebohnen, Holz, Zartbitterschokolade, milde Schärfe;Maker's Mark Bourbon | Havana Club 7 Rum | Torres 10 Brandy;Coffee Cocktail mit Baileys | Blackberry Gin Fizz | Eiskaffee mit Vanille-Milschschaum;Schwarzbier | Ruby Portwein | Double Espresso mit braunem Zucker
AVO Expresivo;AVO Cigars;2025;Medium;Rhythmische Würze, süßes Holz, Kakao, geröstete Nüsse;Aberlour 12 Double Cask | Ron Abuelo 12 Rum | Hennessy VSOP Cognac;Espresso Martini Harmony | Cinnamon Bourbon Smash | Kakaobohnen Cold Brew Mocktail;Craft Pale Ale | Pinot Noir | Zesty Cold Brew Tonic
Capitol Casino Robusto Grande;Capitol Cigars;2025;Medium-Full;Dunkles Holz, feines Leder, Pfeffer, edler Röstkaffee;Chivas Regal 18 Scotch | Zacapa 23 Solera Rum | Courvoisier XO Cognac;Casino Royal Cocktail | Classic Espresso Martini | Caramel Espresso Shake;Belgisches Strong Dark Ale | Barolo Rotwein | Ristretto Speciale
Dapper Siempre Sun Grown;Dapper Cigar Co.;2025;Medium-Full;Sonnengereiftes Holz, roter Pfeffer, Kakao, erdig-süßer Kern;Bulleit Bourbon | Santa Teresa 1796 Rum | Pierre Ferrand VSOP Cognac;Spicy Sunset Sour | Dark Rum Sangria | Ingwer-Beeren Mocktail;Craft Red Ale | Tempranillo | Spicy Cold Brew
Dapper La Madrina;Dapper Cigar Co.;2025;Full;Schwere Erde, Bitterschokolade, kühles Leder, pfeffrige Gewürze;Elijah Craig Barrel Proof Bourbon | Diplomatico Seleccion Rum | Cardenal Mendoza Brandy;Dark Chocolate Manhattan | Smoky Mezcal Paloma | Mexican Spiced Coffee Mocktail;Imperial Stout | Amarone della Valpolicella | Extra Starker Cold Brew
Dapper El Borracho;Dapper Cigar Co.;2025;Medium-Full;San Andrés Wrapper: Reiche Schokolade, geröstete Nüsse, Erde, milde Pfeffersüße;Woodford Reserve Double Oaked | Plantation XO Rum | Rémy Martin VSOP Cognac;Bourbon Chocolate Sour | Spiced Rum Old Fashioned | Schoko-Mandel Macchiato;Porter Bier | Portwein Tawny | Espresso Spritz